<?xml version="1.0" encoding="UTF-8"?>
<GenRun Id="impl_1" LaunchPart="xc7a100tcsg324-1" LaunchTime="1747068401">
  <File Type="BITSTR-BMM" Name="pmp_bd.bmm"/>
  <File Type="OPT-METHODOLOGY-DRC" Name="pmp_methodology_drc_opted.rpt"/>
  <File Type="INIT-TIMING" Name="pmp_timing_summary_init.rpt"/>
  <File Type="ROUTE-PWR" Name="pmp_power_routed.rpt"/>
  <File Type="PA-TCL" Name="pmp.tcl"/>
  <File Type="OPT-TIMING" Name="pmp_timing_summary_opted.rpt"/>
  <File Type="OPT-DCP" Name="pmp_opt.dcp"/>
  <File Type="ROUTE-PWR-SUM" Name="pmp_power_summary_routed.pb"/>
  <File Type="REPORTS-TCL" Name="pmp_reports.tcl"/>
  <File Type="OPT-DRC" Name="pmp_drc_opted.rpt"/>
  <File Type="OPT-HWDEF" Name="pmp.hwdef"/>
  <File Type="PWROPT-DCP" Name="pmp_pwropt.dcp"/>
  <File Type="PWROPT-DRC" Name="pmp_drc_pwropted.rpt"/>
  <File Type="PWROPT-TIMING" Name="pmp_timing_summary_pwropted.rpt"/>
  <File Type="PLACE-DCP" Name="pmp_placed.dcp"/>
  <File Type="PLACE-IO" Name="pmp_io_placed.rpt"/>
  <File Type="PLACE-CLK" Name="pmp_clock_utilization_placed.rpt"/>
  <File Type="PLACE-UTIL" Name="pmp_utilization_placed.rpt"/>
  <File Type="PLACE-UTIL-PB" Name="pmp_utilization_placed.pb"/>
  <File Type="PLACE-CTRL" Name="pmp_control_sets_placed.rpt"/>
  <File Type="PLACE-SIMILARITY" Name="pmp_incremental_reuse_placed.rpt"/>
  <File Type="PLACE-PRE-SIMILARITY" Name="pmp_incremental_reuse_pre_placed.rpt"/>
  <File Type="BG-BGN" Name="pmp.bgn"/>
  <File Type="PLACE-TIMING" Name="pmp_timing_summary_placed.rpt"/>
  <File Type="POSTPLACE-PWROPT-DCP" Name="pmp_postplace_pwropt.dcp"/>
  <File Type="BG-BIN" Name="pmp.bin"/>
  <File Type="POSTPLACE-PWROPT-TIMING" Name="pmp_timing_summary_postplace_pwropted.rpt"/>
  <File Type="PHYSOPT-DCP" Name="pmp_physopt.dcp"/>
  <File Type="PHYSOPT-DRC" Name="pmp_drc_physopted.rpt"/>
  <File Type="BITSTR-MSK" Name="pmp.msk"/>
  <File Type="PHYSOPT-TIMING" Name="pmp_timing_summary_physopted.rpt"/>
  <File Type="ROUTE-ERROR-DCP" Name="pmp_routed_error.dcp"/>
  <File Type="ROUTE-DCP" Name="pmp_routed.dcp"/>
  <File Type="ROUTE-BLACKBOX-DCP" Name="pmp_routed_bb.dcp"/>
  <File Type="ROUTE-DRC" Name="pmp_drc_routed.rpt"/>
  <File Type="ROUTE-DRC-PB" Name="pmp_drc_routed.pb"/>
  <File Type="BITSTR-LTX" Name="debug_nets.ltx"/>
  <File Type="BITSTR-LTX" Name="pmp.ltx"/>
  <File Type="ROUTE-DRC-RPX" Name="pmp_drc_routed.rpx"/>
  <File Type="BITSTR-MMI" Name="pmp.mmi"/>
  <File Type="ROUTE-METHODOLOGY-DRC" Name="pmp_methodology_drc_routed.rpt"/>
  <File Type="ROUTE-METHODOLOGY-DRC-RPX" Name="pmp_methodology_drc_routed.rpx"/>
  <File Type="BITSTR-SYSDEF" Name="pmp.sysdef"/>
  <File Type="ROUTE-METHODOLOGY-DRC-PB" Name="pmp_methodology_drc_routed.pb"/>
  <File Type="ROUTE-PWR-RPX" Name="pmp_power_routed.rpx"/>
  <File Type="ROUTE-STATUS" Name="pmp_route_status.rpt"/>
  <File Type="ROUTE-STATUS-PB" Name="pmp_route_status.pb"/>
  <File Type="ROUTE-TIMINGSUMMARY" Name="pmp_timing_summary_routed.rpt"/>
  <File Type="ROUTE-TIMING-PB" Name="pmp_timing_summary_routed.pb"/>
  <File Type="ROUTE-TIMING-RPX" Name="pmp_timing_summary_routed.rpx"/>
  <File Type="ROUTE-SIMILARITY" Name="pmp_incremental_reuse_routed.rpt"/>
  <File Type="ROUTE-CLK" Name="pmp_clock_utilization_routed.rpt"/>
  <File Type="ROUTE-BUS-SKEW" Name="pmp_bus_skew_routed.rpt"/>
  <File Type="ROUTE-BUS-SKEW-PB" Name="pmp_bus_skew_routed.pb"/>
  <File Type="ROUTE-BUS-SKEW-RPX" Name="pmp_bus_skew_routed.rpx"/>
  <File Type="POSTROUTE-PHYSOPT-DCP" Name="pmp_postroute_physopt.dcp"/>
  <File Type="POSTROUTE-PHYSOPT-BLACKBOX-DCP" Name="pmp_postroute_physopt_bb.dcp"/>
  <File Type="POSTROUTE-PHYSOPT-TIMING" Name="pmp_timing_summary_postroute_physopted.rpt"/>
  <File Type="POSTROUTE-PHYSOPT-TIMING-PB" Name="pmp_timing_summary_postroute_physopted.pb"/>
  <File Type="POSTROUTE-PHYSOPT-TIMING-RPX" Name="pmp_timing_summary_postroute_physopted.rpx"/>
  <File Type="POSTROUTE-PHYSOPT-BUS-SKEW" Name="pmp_bus_skew_postroute_physopted.rpt"/>
  <File Type="POSTROUTE-PHYSOPT-BUS-SKEW-PB" Name="pmp_bus_skew_postroute_physopted.pb"/>
  <File Type="BG-BIT" Name="pmp.bit"/>
  <File Type="POSTROUTE-PHYSOPT-BUS-SKEW-RPX" Name="pmp_bus_skew_postroute_physopted.rpx"/>
  <File Type="BITSTR-RBT" Name="pmp.rbt"/>
  <File Type="BITSTR-NKY" Name="pmp.nky"/>
  <File Type="BG-DRC" Name="pmp.drc"/>
  <File Type="RDI-RDI" Name="pmp.vdi"/>
  <File Type="WBT-USG" Name="usage_statistics_webtalk.html"/>
  <FileSet Name="sources" Type="DesignSrcs" RelSrcDir="$PSRCDIR/sources_1">
    <Filter Type="Srcs"/>
    <File Path="$PPRDIR/../cep_define.sv">
      <FileInfo>
        <Attr Name="UsedIn" Val="synthesis"/>
        <Attr Name="UsedIn" Val="implementation"/>
        <Attr Name="UsedIn" Val="simulation"/>
      </FileInfo>
    </File>
    <File Path="$PPRDIR/../addr_check_n.sv">
      <FileInfo>
        <Attr Name="UsedIn" Val="synthesis"/>
        <Attr Name="UsedIn" Val="implementation"/>
        <Attr Name="UsedIn" Val="simulation"/>
      </FileInfo>
    </File>
    <File Path="$PPRDIR/../na4.sv">
      <FileInfo>
        <Attr Name="UsedIn" Val="synthesis"/>
        <Attr Name="UsedIn" Val="implementation"/>
        <Attr Name="UsedIn" Val="simulation"/>
      </FileInfo>
    </File>
    <File Path="$PPRDIR/../napot.sv">
      <FileInfo>
        <Attr Name="UsedIn" Val="synthesis"/>
        <Attr Name="UsedIn" Val="implementation"/>
        <Attr Name="UsedIn" Val="simulation"/>
      </FileInfo>
    </File>
    <File Path="$PPRDIR/../pmp_check.sv">
      <FileInfo>
        <Attr Name="UsedIn" Val="synthesis"/>
        <Attr Name="UsedIn" Val="implementation"/>
        <Attr Name="UsedIn" Val="simulation"/>
      </FileInfo>
    </File>
    <File Path="$PPRDIR/../pmp_registers.sv">
      <FileInfo>
        <Attr Name="UsedIn" Val="synthesis"/>
        <Attr Name="UsedIn" Val="implementation"/>
        <Attr Name="UsedIn" Val="simulation"/>
      </FileInfo>
    </File>
    <File Path="$PPRDIR/../tor.sv">
      <FileInfo>
        <Attr Name="UsedIn" Val="synthesis"/>
        <Attr Name="UsedIn" Val="implementation"/>
        <Attr Name="UsedIn" Val="simulation"/>
      </FileInfo>
    </File>
    <File Path="$PPRDIR/../pmp.sv">
      <FileInfo>
        <Attr Name="UsedIn" Val="synthesis"/>
        <Attr Name="UsedIn" Val="implementation"/>
        <Attr Name="UsedIn" Val="simulation"/>
      </FileInfo>
    </File>
    <Config>
      <Option Name="DesignMode" Val="RTL"/>
      <Option Name="TopModule" Val="pmp"/>
      <Option Name="TopAutoSet" Val="TRUE"/>
    </Config>
  </FileSet>
  <FileSet Name="constrs_in" Type="Constrs" RelSrcDir="$PSRCDIR/constrs_1">
    <Filter Type="Constrs"/>
    <File Path="$PSRCDIR/constrs_1/new/pmp.xdc">
      <FileInfo>
        <Attr Name="UsedIn" Val="synthesis"/>
        <Attr Name="UsedIn" Val="implementation"/>
      </FileInfo>
    </File>
    <Config>
      <Option Name="ConstrsType" Val="XDC"/>
    </Config>
  </FileSet>
  <Strategy Version="1" Minor="2">
    <StratHandle Name="Vivado Implementation Defaults" Flow="Vivado Implementation 2018">
      <Desc>Default settings for Implementation.</Desc>
    </StratHandle>
    <Step Id="init_design"/>
    <Step Id="opt_design"/>
    <Step Id="power_opt_design"/>
    <Step Id="place_design"/>
    <Step Id="post_place_power_opt_design"/>
    <Step Id="phys_opt_design"/>
    <Step Id="route_design"/>
    <Step Id="post_route_phys_opt_design"/>
    <Step Id="write_bitstream"/>
  </Strategy>
</GenRun>
